タイトル,本文,ユーザID,ビューカウント,更新カウント,作成日,緯度,経度
テストデータ１,本文1,user4,101,1001,2016/05/11T16:22:51+0900,111.129,31.31
テストタイトル２,本文2,user4,102,1002,2016/04/15T16:22:51+0900,112.129,32.31
タイトル3,本文3,user3,103,1003,2015/12/13T16:22:51+0900,113.129,33.31
タイトル4,本文4,user4,104,1004,2015/12/14T16:22:51+0900,114.129,34.31
タイトル5,本文5,user17,105,1005,2015/12/15T16:22:51+0900,115.129,35.31
タイトル6,本文6,user6,106,1006,2015/12/16T16:22:51+0900,116.129,36.31
タイトル7,本文7,user4,107,1007,2015/12/17T16:22:51+0900,117.129,37.31
タイトル8,本文8,user8,108,1008,2015/12/18T16:22:51+0900,118.129,38.31
タイトル9,本文9,user17,109,1009,2015/12/19T16:22:51+0900,119.129,39.31
タイトル10,本文10,user4,110,1010,2015/12/20T16:22:51+0900,120.129,40.31
タイトル11,本文11,user17,111,1011,2015/12/21T16:22:51+0900,121.129,41.31
タイトル12,本文12,user17,112,1012,2015/12/22T16:22:51+0900,122.129,42.31
タイトル13,本文13,user13,113,1013,2015/12/23T16:22:51+0900,123.129,43.31
タイトル14,本文14,user4,114,1014,2015/12/24T16:22:51+0900,124.129,44.31
タイトル15,本文15,user4,115,1015,2015/12/25T16:22:51+0900,125.129,45.31
タイトル16,本文16,user16,116,1016,2015/12/26T16:22:51+0900,126.129,46.31
タイトル17,本文17,user17,117,1017,2015/12/27T16:22:51+0900,127.129,47.31
タイトル18,本文18,user18,118,1018,2015/12/28T16:22:51+0900,128.129,48.31
タイトル19,本文19,user16,119,1019,2015/12/29T16:22:51+0900,129.129,49.31
タイトル20,本文20,user20,120,1020,2015/12/30T16:22:51+0900,130.129,50.31
タイトル21,本文21,user17,121,1021,2015/12/31T16:22:51+0900,131.129,51.31
タイトル22,本文22,user17,122,1022,2016/01/01T16:22:51+0900,132.129,52.31